<?xml version="1.0" encoding="utf-8"?>
<!--Detailed report on module Admin-->
<CCCC_Project>
<module_summary>
<lines_of_code value="9" level="0" />
<lines_of_code_per_member_function value="******" level="0" />
<McCabes_cyclomatic_complexity value="1" level="0" />
<McCabes_cyclomatic_complexity_per_member_function value="******" level="2" />
<lines_of_code value="0" level="0" />
<lines_of_code_per_member_function value="********" level="0" />
<lines_of_code_per_line_of_comment value="------" level="0" />
<McCabes_cyclomatic_complexity_per_line_of_comment value="------" level="0" />
<weighted_methods_per_class_unity value="0" level="0" />
<weighted_methods_per_class_visibility value="0" level="0" />
<depth_of_inheritance_tree value="1" level="0" />
<number_of_children value="2" level="0" />
<coupling_between_objects value="5" level="0" />
<IF4 value="16" level="0" />
<IF4_per_member_function value="********" level="2" />
<IF4_visible value="16" level="0" />
<IF4_visible_per_member_function value="********" level="2" />
<IF4_concrete value="4" level="0" />
<IF4_concrete_per_member_function value="********" level="2" />
</module_summary>
<module_detail>
<description>definition</description>
<source_reference file="Admin.h" line="27" />
<lines_of_code value="9" level="0" />
<McCabes_cyclomatic_complexity value="1" level="0" />
<lines_of_comment value="0" level="0" />
<lines_of_code_per_line_of_comment value="------" level="0" />
<McCabes_cyclomatic_complexity_per_line_of_comment value="------" level="0" />
</module_detail>
<procedural_detail>
</procedural_detail>
<structural_detail>
<module>
<name>Admin</name>
<client_module>
<name>Director</name>
<visible>true</visible>
<concrete>true</concrete>
<extent>
<description>inheritance</description>
<source_reference file="Director.h" line="4" />
</extent>
<name>DirectorPortal</name>
<visible>true</visible>
<concrete>false</concrete>
<extent>
<description>has by reference</description>
<source_reference file="DirectorPortal.h" line="8" />
</extent>
<extent>
<description>pass by reference</description>
<source_reference file="DirectorPortal.h" line="11" />
</extent>
<name>Supervisor</name>
<visible>true</visible>
<concrete>true</concrete>
<extent>
<description>inheritance</description>
<source_reference file="Supervisor.h" line="4" />
</extent>
<name>SupervisorPortal</name>
<visible>true</visible>
<concrete>false</concrete>
<extent>
<description>has by reference</description>
<source_reference file="SupervisorPortal.h" line="7" />
</extent>
<extent>
<description>pass by reference</description>
<source_reference file="SupervisorPortal.h" line="10" />
</extent>
</client_module>
<supplier_module>
<name>IApplicationObservable</name>
<visible>true</visible>
<concrete>true</concrete>
<extent>
<description>inheritance</description>
<source_reference file="Admin.h" line="27" />
</extent>
</supplier_module>
</module>
</structural_detail>
</CCCC_Project>
