<?xml version="1.0" encoding="utf-8"?>
<!--Detailed report on module DirectorPortal-->
<CCCC_Project>
<module_summary>
<lines_of_code value="40" level="0" />
<lines_of_code_per_member_function value="******" level="0" />
<McCabes_cyclomatic_complexity value="6" level="0" />
<McCabes_cyclomatic_complexity_per_member_function value="******" level="2" />
<lines_of_code value="7" level="0" />
<lines_of_code_per_member_function value="********" level="2" />
<lines_of_code_per_line_of_comment value="5.714" level="0" />
<McCabes_cyclomatic_complexity_per_line_of_comment value="0.857" level="0" />
<weighted_methods_per_class_unity value="2" level="0" />
<weighted_methods_per_class_visibility value="2" level="0" />
<depth_of_inheritance_tree value="0" level="0" />
<number_of_children value="0" level="0" />
<coupling_between_objects value="2" level="0" />
<IF4 value="0" level="0" />
<IF4_per_member_function value="********" level="0" />
<IF4_visible value="0" level="0" />
<IF4_visible_per_member_function value="********" level="0" />
<IF4_concrete value="0" level="0" />
<IF4_concrete_per_member_function value="********" level="0" />
</module_summary>
<module_detail>
<description>definition</description>
<source_reference file="DirectorPortal.h" line="5" />
<lines_of_code value="5" level="0" />
<McCabes_cyclomatic_complexity value="0" level="0" />
<lines_of_comment value="2" level="0" />
<lines_of_code_per_line_of_comment value="------" level="0" />
<McCabes_cyclomatic_complexity_per_line_of_comment value="------" level="0" />
</module_detail>
<procedural_detail>
<member_function>
<name>DirectorPortal(Admin *)</name>
<extent>
<description>definition</description>
<source_reference file="DirectorPortal.h" line="11" />
</extent>
<lines_of_code value="3" level="0" />
<McCabes_cyclomatic_complexity value="0" level="0" />
<lines_of_comment value="0" level="0" />
<lines_of_code_per_line_of_comment value="------" level="0" />
<McCabes_cyclomatic_complexity_per_line_of_comment value="------" level="0" />
</member_function>
<member_function>
<name>DirectorPortalDisplay()</name>
<extent>
<description>definition</description>
<source_reference file="DirectorPortal.h" line="16" />
</extent>
<lines_of_code value="32" level="1" />
<McCabes_cyclomatic_complexity value="6" level="0" />
<lines_of_comment value="5" level="0" />
<lines_of_code_per_line_of_comment value="6.400" level="0" />
<McCabes_cyclomatic_complexity_per_line_of_comment value="1.200" level="0" />
</member_function>
</procedural_detail>
<structural_detail>
<module>
<name>DirectorPortal</name>
<client_module>
</client_module>
<supplier_module>
<name>Admin</name>
<visible>true</visible>
<concrete>false</concrete>
<extent>
<description>has by reference</description>
<source_reference file="DirectorPortal.h" line="8" />
</extent>
<extent>
<description>pass by reference</description>
<source_reference file="DirectorPortal.h" line="11" />
</extent>
<name>Main</name>
<visible>false</visible>
<concrete>false</concrete>
<extent>
<description>has by reference</description>
<source_reference file="DirectorPortal.h" line="7" />
</extent>
</supplier_module>
</module>
</structural_detail>
</CCCC_Project>
