<?xml version="1.0" encoding="utf-8"?>
<!--Detailed report on module EmployeePortal-->
<CCCC_Project>
<module_summary>
<lines_of_code value="132" level="0" />
<lines_of_code_per_member_function value="******" level="0" />
<McCabes_cyclomatic_complexity value="17" level="0" />
<McCabes_cyclomatic_complexity_per_member_function value="******" level="2" />
<lines_of_code value="16" level="0" />
<lines_of_code_per_member_function value="********" level="2" />
<lines_of_code_per_line_of_comment value="8.250" level="1" />
<McCabes_cyclomatic_complexity_per_line_of_comment value="1.062" level="0" />
<weighted_methods_per_class_unity value="8" level="0" />
<weighted_methods_per_class_visibility value="2" level="0" />
<depth_of_inheritance_tree value="0" level="0" />
<number_of_children value="0" level="0" />
<coupling_between_objects value="2" level="0" />
<IF4 value="0" level="0" />
<IF4_per_member_function value="********" level="0" />
<IF4_visible value="0" level="0" />
<IF4_visible_per_member_function value="********" level="0" />
<IF4_concrete value="0" level="0" />
<IF4_concrete_per_member_function value="********" level="0" />
</module_summary>
<module_detail>
<description>definition</description>
<source_reference file="EmployeePortal.h" line="4" />
<lines_of_code value="5" level="0" />
<McCabes_cyclomatic_complexity value="0" level="0" />
<lines_of_comment value="0" level="0" />
<lines_of_code_per_line_of_comment value="------" level="0" />
<McCabes_cyclomatic_complexity_per_line_of_comment value="------" level="0" />
</module_detail>
<procedural_detail>
<member_function>
<name>EmployeeMenu()</name>
<extent>
<description>definition</description>
<source_reference file="EmployeePortal.h" line="11" />
</extent>
<lines_of_code value="31" level="1" />
<McCabes_cyclomatic_complexity value="8" level="0" />
<lines_of_comment value="4" level="0" />
<lines_of_code_per_line_of_comment value="7.750" level="1" />
<McCabes_cyclomatic_complexity_per_line_of_comment value="2.000" level="0" />
</member_function>
<member_function>
<name>EmployeePortal(Employee *)</name>
<extent>
<description>definition</description>
<source_reference file="EmployeePortal.h" line="9" />
</extent>
<lines_of_code value="1" level="0" />
<McCabes_cyclomatic_complexity value="0" level="0" />
<lines_of_comment value="1" level="0" />
<lines_of_code_per_line_of_comment value="------" level="0" />
<McCabes_cyclomatic_complexity_per_line_of_comment value="------" level="0" />
</member_function>
<member_function>
<name>applyLeave(const string &amp;)</name>
<extent>
<description>definition</description>
<source_reference file="EmployeePortal.h" line="94" />
</extent>
<lines_of_code value="11" level="0" />
<McCabes_cyclomatic_complexity value="1" level="0" />
<lines_of_comment value="3" level="0" />
<lines_of_code_per_line_of_comment value="------" level="0" />
<McCabes_cyclomatic_complexity_per_line_of_comment value="------" level="0" />
</member_function>
<member_function>
<name>applyOfficialLeave()</name>
<extent>
<description>definition</description>
<source_reference file="EmployeePortal.h" line="108" />
</extent>
<lines_of_code value="15" level="0" />
<McCabes_cyclomatic_complexity value="0" level="0" />
<lines_of_comment value="2" level="0" />
<lines_of_code_per_line_of_comment value="------" level="0" />
<McCabes_cyclomatic_complexity_per_line_of_comment value="------" level="0" />
</member_function>
<member_function>
<name>applyUnpaidLeave()</name>
<extent>
<description>definition</description>
<source_reference file="EmployeePortal.h" line="127" />
</extent>
<lines_of_code value="10" level="0" />
<McCabes_cyclomatic_complexity value="0" level="0" />
<lines_of_comment value="2" level="0" />
<lines_of_code_per_line_of_comment value="------" level="0" />
<McCabes_cyclomatic_complexity_per_line_of_comment value="------" level="0" />
</member_function>
<member_function>
<name>displayMenu()</name>
<extent>
<description>definition</description>
<source_reference file="EmployeePortal.h" line="46" />
</extent>
<lines_of_code value="14" level="0" />
<McCabes_cyclomatic_complexity value="1" level="0" />
<lines_of_comment value="1" level="0" />
<lines_of_code_per_line_of_comment value="------" level="0" />
<McCabes_cyclomatic_complexity_per_line_of_comment value="------" level="0" />
</member_function>
<member_function>
<name>gatherLeaveDetails(string &amp;,string &amp;,string &amp;,string &amp;,string &amp;)</name>
<extent>
<description>definition</description>
<source_reference file="EmployeePortal.h" line="141" />
</extent>
<lines_of_code value="16" level="0" />
<McCabes_cyclomatic_complexity value="0" level="0" />
<lines_of_comment value="2" level="0" />
<lines_of_code_per_line_of_comment value="------" level="0" />
<McCabes_cyclomatic_complexity_per_line_of_comment value="------" level="0" />
</member_function>
<member_function>
<name>handleLeaveApplication()</name>
<extent>
<description>definition</description>
<source_reference file="EmployeePortal.h" line="63" />
</extent>
<lines_of_code value="29" level="0" />
<McCabes_cyclomatic_complexity value="7" level="0" />
<lines_of_comment value="1" level="0" />
<lines_of_code_per_line_of_comment value="29.000" level="1" />
<McCabes_cyclomatic_complexity_per_line_of_comment value="7.000" level="1" />
</member_function>
</procedural_detail>
<structural_detail>
<module>
<name>EmployeePortal</name>
<client_module>
</client_module>
<supplier_module>
<name>Employee</name>
<visible>true</visible>
<concrete>false</concrete>
<extent>
<description>has by reference</description>
<source_reference file="EmployeePortal.h" line="5" />
</extent>
<extent>
<description>pass by reference</description>
<source_reference file="EmployeePortal.h" line="9" />
</extent>
<name>string</name>
<visible>false</visible>
<concrete>false</concrete>
<extent>
<description>pass by reference</description>
<source_reference file="EmployeePortal.h" line="94" />
</extent>
<extent>
<description>pass by reference</description>
<source_reference file="EmployeePortal.h" line="141" />
</extent>
<extent>
<description>pass by reference</description>
<source_reference file="EmployeePortal.h" line="141" />
</extent>
<extent>
<description>pass by reference</description>
<source_reference file="EmployeePortal.h" line="141" />
</extent>
<extent>
<description>pass by reference</description>
<source_reference file="EmployeePortal.h" line="141" />
</extent>
<extent>
<description>pass by reference</description>
<source_reference file="EmployeePortal.h" line="141" />
</extent>
</supplier_module>
</module>
</structural_detail>
</CCCC_Project>
