<?xml version="1.0" encoding="utf-8"?>
<!--Detailed report on module inActivityHandler-->
<CCCC_Project>
<module_summary>
<lines_of_code value="51" level="0" />
<lines_of_code_per_member_function value="******" level="0" />
<McCabes_cyclomatic_complexity value="8" level="0" />
<McCabes_cyclomatic_complexity_per_member_function value="******" level="2" />
<lines_of_code value="7" level="0" />
<lines_of_code_per_member_function value="********" level="2" />
<lines_of_code_per_line_of_comment value="7.286" level="1" />
<McCabes_cyclomatic_complexity_per_line_of_comment value="1.143" level="0" />
<weighted_methods_per_class_unity value="2" level="0" />
<weighted_methods_per_class_visibility value="0" level="0" />
<depth_of_inheritance_tree value="0" level="0" />
<number_of_children value="0" level="0" />
<coupling_between_objects value="1" level="0" />
<IF4 value="0" level="0" />
<IF4_per_member_function value="********" level="0" />
<IF4_visible value="0" level="0" />
<IF4_visible_per_member_function value="********" level="0" />
<IF4_concrete value="0" level="0" />
<IF4_concrete_per_member_function value="********" level="0" />
</module_summary>
<module_detail>
<description>definition</description>
<source_reference file="InactivityManager.h" line="9" />
<lines_of_code value="3" level="0" />
<McCabes_cyclomatic_complexity value="0" level="0" />
<lines_of_comment value="0" level="0" />
<lines_of_code_per_line_of_comment value="------" level="0" />
<McCabes_cyclomatic_complexity_per_line_of_comment value="------" level="0" />
</module_detail>
<procedural_detail>
<member_function>
<name>populateData(vector &amp;)</name>
<extent>
<description>definition</description>
<source_reference file="InactivityManager.h" line="11" />
</extent>
<lines_of_code value="21" level="0" />
<McCabes_cyclomatic_complexity value="4" level="0" />
<lines_of_comment value="3" level="0" />
<lines_of_code_per_line_of_comment value="7.000" level="0" />
<McCabes_cyclomatic_complexity_per_line_of_comment value="------" level="0" />
</member_function>
<member_function>
<name>updateFile(int,int)</name>
<extent>
<description>definition</description>
<source_reference file="InactivityManager.h" line="40" />
</extent>
<lines_of_code value="27" level="0" />
<McCabes_cyclomatic_complexity value="4" level="0" />
<lines_of_comment value="4" level="0" />
<lines_of_code_per_line_of_comment value="6.750" level="0" />
<McCabes_cyclomatic_complexity_per_line_of_comment value="------" level="0" />
</member_function>
</procedural_detail>
<structural_detail>
<module>
<name>inActivityHandler</name>
<client_module>
</client_module>
<supplier_module>
<name>vector</name>
<visible>true</visible>
<concrete>false</concrete>
<extent>
<description>pass by reference</description>
<source_reference file="InactivityManager.h" line="11" />
</extent>
</supplier_module>
</module>
</structural_detail>
</CCCC_Project>
