<?xml version="1.0" encoding="utf-8"?>
<!--Detailed report on module SystemPortal-->
<CCCC_Project>
<module_summary>
<lines_of_code value="120" level="0" />
<lines_of_code_per_member_function value="******" level="0" />
<McCabes_cyclomatic_complexity value="28" level="0" />
<McCabes_cyclomatic_complexity_per_member_function value="******" level="2" />
<lines_of_code value="11" level="0" />
<lines_of_code_per_member_function value="********" level="2" />
<lines_of_code_per_line_of_comment value="10.909" level="1" />
<McCabes_cyclomatic_complexity_per_line_of_comment value="2.545" level="0" />
<weighted_methods_per_class_unity value="3" level="0" />
<weighted_methods_per_class_visibility value="1" level="0" />
<depth_of_inheritance_tree value="0" level="0" />
<number_of_children value="0" level="0" />
<coupling_between_objects value="2" level="0" />
<IF4 value="0" level="0" />
<IF4_per_member_function value="********" level="0" />
<IF4_visible value="0" level="0" />
<IF4_visible_per_member_function value="********" level="0" />
<IF4_concrete value="0" level="0" />
<IF4_concrete_per_member_function value="********" level="0" />
</module_summary>
<module_detail>
<description>definition</description>
<source_reference file="MainPortal.h" line="12" />
<lines_of_code value="3" level="0" />
<McCabes_cyclomatic_complexity value="0" level="0" />
<lines_of_comment value="0" level="0" />
<lines_of_code_per_line_of_comment value="------" level="0" />
<McCabes_cyclomatic_complexity_per_line_of_comment value="------" level="0" />
</module_detail>
<procedural_detail>
<member_function>
<name>findUserById(int,vector &amp;,string &amp;)</name>
<extent>
<description>definition</description>
<source_reference file="MainPortal.h" line="14" />
</extent>
<lines_of_code value="10" level="0" />
<McCabes_cyclomatic_complexity value="6" level="0" />
<lines_of_comment value="0" level="0" />
<lines_of_code_per_line_of_comment value="------" level="0" />
<McCabes_cyclomatic_complexity_per_line_of_comment value="******" level="2" />
</member_function>
<member_function>
<name>manageApproversMenu(vector &amp;)</name>
<extent>
<description>definition</description>
<source_reference file="MainPortal.h" line="24" />
</extent>
<lines_of_code value="44" level="1" />
<McCabes_cyclomatic_complexity value="11" level="1" />
<lines_of_comment value="1" level="0" />
<lines_of_code_per_line_of_comment value="44.000" level="2" />
<McCabes_cyclomatic_complexity_per_line_of_comment value="11.000" level="2" />
</member_function>
<member_function>
<name>systemPortal(vector &amp;)</name>
<extent>
<description>definition</description>
<source_reference file="MainPortal.h" line="74" />
</extent>
<lines_of_code value="63" level="1" />
<McCabes_cyclomatic_complexity value="11" level="1" />
<lines_of_comment value="10" level="0" />
<lines_of_code_per_line_of_comment value="6.300" level="0" />
<McCabes_cyclomatic_complexity_per_line_of_comment value="1.100" level="0" />
</member_function>
</procedural_detail>
<structural_detail>
<module>
<name>SystemPortal</name>
<client_module>
</client_module>
<supplier_module>
<name>string</name>
<visible>false</visible>
<concrete>false</concrete>
<extent>
<description>pass by reference</description>
<source_reference file="MainPortal.h" line="14" />
</extent>
<name>vector</name>
<visible>true</visible>
<concrete>false</concrete>
<extent>
<description>pass by reference</description>
<source_reference file="MainPortal.h" line="14" />
</extent>
<extent>
<description>pass by reference</description>
<source_reference file="MainPortal.h" line="24" />
</extent>
<extent>
<description>pass by reference</description>
<source_reference file="MainPortal.h" line="74" />
</extent>
</supplier_module>
</module>
</structural_detail>
</CCCC_Project>
