<?xml version="1.0" encoding="utf-8"?>
<!--Detailed report on module vector-->
<CCCC_Project>
<module_summary>
<lines_of_code value="0" level="0" />
<lines_of_code_per_member_function value="******" level="0" />
<McCabes_cyclomatic_complexity value="0" level="0" />
<McCabes_cyclomatic_complexity_per_member_function value="******" level="0" />
<lines_of_code value="0" level="0" />
<lines_of_code_per_member_function value="********" level="0" />
<lines_of_code_per_line_of_comment value="------" level="0" />
<McCabes_cyclomatic_complexity_per_line_of_comment value="------" level="0" />
<weighted_methods_per_class_unity value="0" level="0" />
<weighted_methods_per_class_visibility value="0" level="0" />
<depth_of_inheritance_tree value="0" level="0" />
<number_of_children value="0" level="0" />
<coupling_between_objects value="15" level="0" />
<IF4 value="0" level="0" />
<IF4_per_member_function value="********" level="0" />
<IF4_visible value="0" level="0" />
<IF4_visible_per_member_function value="********" level="0" />
<IF4_concrete value="0" level="0" />
<IF4_concrete_per_member_function value="********" level="0" />
</module_summary>
<module_detail>
</module_detail>
<procedural_detail>
</procedural_detail>
<structural_detail>
<module>
<name>vector</name>
<client_module>
<name>AdminObserverManager</name>
<visible>false</visible>
<concrete>true</concrete>
<extent>
<description>has by value</description>
<source_reference file="Admin.h" line="16" />
</extent>
<name>Guard</name>
<visible>true</visible>
<concrete>true</concrete>
<extent>
<description>pass by value</description>
<source_reference file="Guard.h" line="13" />
</extent>
<name>IApplyLeave</name>
<visible>true</visible>
<concrete>false</concrete>
<extent>
<description>has by reference</description>
<source_reference file="IApplyLeave.h" line="10" />
</extent>
<extent>
<description>pass by reference</description>
<source_reference file="IApplyLeave.h" line="11" />
</extent>
<extent>
<description>pass by reference</description>
<source_reference file="IApplyLeave.h" line="11" />
</extent>
<extent>
<description>has by reference</description>
<source_reference file="IApplyLeave.h" line="17" />
</extent>
<extent>
<description>pass by reference</description>
<source_reference file="IApplyLeave.h" line="27" />
</extent>
<extent>
<description>pass by reference</description>
<source_reference file="IApplyLeave.h" line="27" />
</extent>
<name>IMonthlyReports</name>
<visible>true</visible>
<concrete>false</concrete>
<extent>
<description>has by reference</description>
<source_reference file="IMonthlyReports.h" line="9" />
</extent>
<extent>
<description>pass by reference</description>
<source_reference file="IMonthlyReports.h" line="11" />
</extent>
<name>ISummary</name>
<visible>true</visible>
<concrete>false</concrete>
<extent>
<description>has by reference</description>
<source_reference file="AttendenceRecord.h" line="14" />
</extent>
<extent>
<description>pass by reference</description>
<source_reference file="AttendenceRecord.h" line="16" />
</extent>
<name>InactivityManager</name>
<visible>true</visible>
<concrete>true</concrete>
<extent>
<description>has by value</description>
<source_reference file="InactivityManager.h" line="79" />
</extent>
<name>Leave</name>
<visible>false</visible>
<concrete>true</concrete>
<extent>
<description>has by value</description>
<source_reference file="LeavesRecord.h" line="13" />
</extent>
<name>Leaves_Team</name>
<visible>true</visible>
<concrete>true</concrete>
<extent>
<description>has by value</description>
<source_reference file="ILeaves_Team.h" line="8" />
</extent>
<extent>
<description>has by value</description>
<source_reference file="ILeaves_Team.h" line="9" />
</extent>
<name>Login</name>
<visible>true</visible>
<concrete>true</concrete>
<extent>
<description>has by value</description>
<source_reference file="MainPortal.h" line="147" />
</extent>
<extent>
<description>pass by value</description>
<source_reference file="MainPortal.h" line="149" />
</extent>
<name>Main</name>
<visible>false</visible>
<concrete>true</concrete>
<extent>
<description>has by value</description>
<source_reference file="Main.h" line="12" />
</extent>
<extent>
<description>has by value</description>
<source_reference file="Main.h" line="13" />
</extent>
<name>MainConfiguration</name>
<visible>true</visible>
<concrete>false</concrete>
<extent>
<description>pass by reference</description>
<source_reference file="MainPortal.h" line="312" />
</extent>
<extent>
<description>pass by reference</description>
<source_reference file="MainPortal.h" line="346" />
</extent>
<extent>
<description>pass by reference</description>
<source_reference file="MainPortal.h" line="370" />
</extent>
<name>MainPortal</name>
<visible>false</visible>
<concrete>true</concrete>
<extent>
<description>has by value</description>
<source_reference file="MainPortal.h" line="388" />
</extent>
<name>MyTime</name>
<visible>true</visible>
<concrete>true</concrete>
<extent>
<description>has by value</description>
<source_reference file="Time.h" line="39" />
</extent>
<name>SystemPortal</name>
<visible>true</visible>
<concrete>false</concrete>
<extent>
<description>pass by reference</description>
<source_reference file="MainPortal.h" line="14" />
</extent>
<extent>
<description>pass by reference</description>
<source_reference file="MainPortal.h" line="24" />
</extent>
<extent>
<description>pass by reference</description>
<source_reference file="MainPortal.h" line="74" />
</extent>
<name>inActivityHandler</name>
<visible>true</visible>
<concrete>false</concrete>
<extent>
<description>pass by reference</description>
<source_reference file="InactivityManager.h" line="11" />
</extent>
</client_module>
<supplier_module>
</supplier_module>
</module>
</structural_detail>
</CCCC_Project>
