<?xml version="1.0" encoding="utf-8"?>
<!--Detailed report on module Earned-->
<CCCC_Project>
<module_summary>
<lines_of_code value="27" level="0" />
<lines_of_code_per_member_function value="******" level="0" />
<McCabes_cyclomatic_complexity value="6" level="0" />
<McCabes_cyclomatic_complexity_per_member_function value="******" level="2" />
<lines_of_code value="0" level="0" />
<lines_of_code_per_member_function value="********" level="0" />
<lines_of_code_per_line_of_comment value="******" level="2" />
<McCabes_cyclomatic_complexity_per_line_of_comment value="******" level="2" />
<weighted_methods_per_class_unity value="3" level="0" />
<weighted_methods_per_class_visibility value="2" level="0" />
<depth_of_inheritance_tree value="2" level="0" />
<number_of_children value="0" level="0" />
<coupling_between_objects value="2" level="0" />
<IF4 value="0" level="0" />
<IF4_per_member_function value="********" level="0" />
<IF4_visible value="0" level="0" />
<IF4_visible_per_member_function value="********" level="0" />
<IF4_concrete value="0" level="0" />
<IF4_concrete_per_member_function value="********" level="0" />
</module_summary>
<module_detail>
<description>definition</description>
<source_reference file="EarnedTeam.h" line="5" />
<lines_of_code value="12" level="0" />
<McCabes_cyclomatic_complexity value="1" level="0" />
<lines_of_comment value="0" level="0" />
<lines_of_code_per_line_of_comment value="------" level="0" />
<McCabes_cyclomatic_complexity_per_line_of_comment value="------" level="0" />
</module_detail>
<procedural_detail>
<member_function>
<name>Earned(vector)</name>
<extent>
<description>definition</description>
<source_reference file="EarnedTeam.h" line="9" />
</extent>
<lines_of_code value="3" level="0" />
<McCabes_cyclomatic_complexity value="0" level="0" />
<lines_of_comment value="0" level="0" />
<lines_of_code_per_line_of_comment value="------" level="0" />
<McCabes_cyclomatic_complexity_per_line_of_comment value="------" level="0" />
</member_function>
<member_function>
<name>getInstance()</name>
<extent>
<description>definition</description>
<source_reference file="EarnedTeam.h" line="21" />
</extent>
<lines_of_code value="6" level="0" />
<McCabes_cyclomatic_complexity value="3" level="0" />
<lines_of_comment value="0" level="0" />
<lines_of_code_per_line_of_comment value="------" level="0" />
<McCabes_cyclomatic_complexity_per_line_of_comment value="------" level="0" />
</member_function>
<member_function>
<name>getInstance(vector)</name>
<extent>
<description>definition</description>
<source_reference file="EarnedTeam.h" line="14" />
</extent>
<lines_of_code value="6" level="0" />
<McCabes_cyclomatic_complexity value="2" level="0" />
<lines_of_comment value="0" level="0" />
<lines_of_code_per_line_of_comment value="------" level="0" />
<McCabes_cyclomatic_complexity_per_line_of_comment value="------" level="0" />
</member_function>
</procedural_detail>
<structural_detail>
<module>
<name>Earned</name>
<client_module>
</client_module>
<supplier_module>
<name>Leaves_Team</name>
<visible>true</visible>
<concrete>true</concrete>
<extent>
<description>inheritance</description>
<source_reference file="EarnedTeam.h" line="5" />
</extent>
<name>vector</name>
<visible>true</visible>
<concrete>true</concrete>
<extent>
<description>pass by value</description>
<source_reference file="EarnedTeam.h" line="9" />
</extent>
<extent>
<description>pass by value</description>
<source_reference file="EarnedTeam.h" line="14" />
</extent>
</supplier_module>
</module>
</structural_detail>
</CCCC_Project>
