<?xml version="1.0" encoding="utf-8"?>
<!--Detailed report on module EmployeePortal-->
<CCCC_Project>
<module_summary>
<lines_of_code value="173" level="0" />
<lines_of_code_per_member_function value="******" level="0" />
<McCabes_cyclomatic_complexity value="16" level="0" />
<McCabes_cyclomatic_complexity_per_member_function value="******" level="2" />
<lines_of_code value="9" level="0" />
<lines_of_code_per_member_function value="********" level="2" />
<lines_of_code_per_line_of_comment value="19.222" level="1" />
<McCabes_cyclomatic_complexity_per_line_of_comment value="1.778" level="0" />
<weighted_methods_per_class_unity value="3" level="0" />
<weighted_methods_per_class_visibility value="3" level="0" />
<depth_of_inheritance_tree value="0" level="0" />
<number_of_children value="0" level="0" />
<coupling_between_objects value="1" level="0" />
<IF4 value="0" level="0" />
<IF4_per_member_function value="********" level="0" />
<IF4_visible value="0" level="0" />
<IF4_visible_per_member_function value="********" level="0" />
<IF4_concrete value="0" level="0" />
<IF4_concrete_per_member_function value="********" level="0" />
</module_summary>
<module_detail>
<description>definition</description>
<source_reference file="EmployeePortal.h" line="4" />
<lines_of_code value="6" level="0" />
<McCabes_cyclomatic_complexity value="0" level="0" />
<lines_of_comment value="0" level="0" />
<lines_of_code_per_line_of_comment value="------" level="0" />
<McCabes_cyclomatic_complexity_per_line_of_comment value="------" level="0" />
</module_detail>
<procedural_detail>
<member_function>
<name>EmployeeMenu()</name>
<extent>
<description>definition</description>
<source_reference file="EmployeePortal.h" line="12" />
</extent>
<lines_of_code value="156" level="2" />
<McCabes_cyclomatic_complexity value="12" level="1" />
<lines_of_comment value="9" level="0" />
<lines_of_code_per_line_of_comment value="17.333" level="1" />
<McCabes_cyclomatic_complexity_per_line_of_comment value="1.333" level="0" />
</member_function>
<member_function>
<name>EmployeePortal(Employee *)</name>
<extent>
<description>definition</description>
<source_reference file="EmployeePortal.h" line="9" />
</extent>
<lines_of_code value="3" level="0" />
<McCabes_cyclomatic_complexity value="0" level="0" />
<lines_of_comment value="0" level="0" />
<lines_of_code_per_line_of_comment value="------" level="0" />
<McCabes_cyclomatic_complexity_per_line_of_comment value="------" level="0" />
</member_function>
<member_function>
<name>getType(int &amp;)</name>
<extent>
<description>definition</description>
<source_reference file="EmployeePortal.h" line="179" />
</extent>
<lines_of_code value="8" level="0" />
<McCabes_cyclomatic_complexity value="4" level="0" />
<lines_of_comment value="0" level="0" />
<lines_of_code_per_line_of_comment value="------" level="0" />
<McCabes_cyclomatic_complexity_per_line_of_comment value="------" level="0" />
</member_function>
</procedural_detail>
<structural_detail>
<module>
<name>EmployeePortal</name>
<client_module>
</client_module>
<supplier_module>
<name>Employee</name>
<visible>true</visible>
<concrete>false</concrete>
<extent>
<description>has by reference</description>
<source_reference file="EmployeePortal.h" line="5" />
</extent>
<extent>
<description>pass by reference</description>
<source_reference file="EmployeePortal.h" line="9" />
</extent>
</supplier_module>
</module>
</structural_detail>
</CCCC_Project>
