<?xml version="1.0" encoding="utf-8"?>
<!--Detailed report on module IApplicationObserver-->
<CCCC_Project>
<module_summary>
<lines_of_code value="4" level="0" />
<lines_of_code_per_member_function value="******" level="0" />
<McCabes_cyclomatic_complexity value="0" level="0" />
<McCabes_cyclomatic_complexity_per_member_function value="******" level="0" />
<lines_of_code value="0" level="0" />
<lines_of_code_per_member_function value="********" level="0" />
<lines_of_code_per_line_of_comment value="------" level="0" />
<McCabes_cyclomatic_complexity_per_line_of_comment value="------" level="0" />
<weighted_methods_per_class_unity value="1" level="0" />
<weighted_methods_per_class_visibility value="1" level="0" />
<depth_of_inheritance_tree value="0" level="0" />
<number_of_children value="1" level="0" />
<coupling_between_objects value="7" level="0" />
<IF4 value="144" level="1" />
<IF4_per_member_function value="********" level="2" />
<IF4_visible value="144" level="2" />
<IF4_visible_per_member_function value="********" level="2" />
<IF4_concrete value="1" level="0" />
<IF4_concrete_per_member_function value="********" level="2" />
</module_summary>
<module_detail>
<description>definition</description>
<source_reference file="IApplicationObserve.h" line="5" />
<lines_of_code value="3" level="0" />
<McCabes_cyclomatic_complexity value="0" level="0" />
<lines_of_comment value="0" level="0" />
<lines_of_code_per_line_of_comment value="------" level="0" />
<McCabes_cyclomatic_complexity_per_line_of_comment value="------" level="0" />
</module_detail>
<procedural_detail>
<member_function>
<name>ForwardApplicationFurther(Record *,IApplication *,int,string)</name>
<extent>
<description>declaration</description>
<source_reference file="IApplicationObserve.h" line="7" />
</extent>
<lines_of_code value="1" level="0" />
<McCabes_cyclomatic_complexity value="0" level="0" />
<lines_of_comment value="0" level="0" />
<lines_of_code_per_line_of_comment value="------" level="0" />
<McCabes_cyclomatic_complexity_per_line_of_comment value="------" level="0" />
</member_function>
</procedural_detail>
<structural_detail>
<module>
<name>IApplicationObserver</name>
<client_module>
<name>Admin</name>
<visible>true</visible>
<concrete>false</concrete>
<extent>
<description>pass by reference</description>
<source_reference file="Admin.h" line="66" />
</extent>
<name>AdminObserverManager</name>
<visible>true</visible>
<concrete>false</concrete>
<extent>
<description>pass by reference</description>
<source_reference file="Admin.h" line="20" />
</extent>
<name>IApplicationObservable</name>
<visible>true</visible>
<concrete>false</concrete>
<extent>
<description>pass by reference</description>
<source_reference file="IApplicationObserve.h" line="11" />
</extent>
<name>Leaves_Team</name>
<visible>true</visible>
<concrete>true</concrete>
<extent>
<description>inheritance</description>
<source_reference file="ILeaves_Team.h" line="5" />
</extent>
</client_module>
<supplier_module>
<name>IApplication</name>
<visible>true</visible>
<concrete>false</concrete>
<extent>
<description>pass by reference</description>
<source_reference file="IApplicationObserve.h" line="7" />
</extent>
<name>Record</name>
<visible>true</visible>
<concrete>false</concrete>
<extent>
<description>pass by reference</description>
<source_reference file="IApplicationObserve.h" line="7" />
</extent>
<name>string</name>
<visible>true</visible>
<concrete>true</concrete>
<extent>
<description>pass by value</description>
<source_reference file="IApplicationObserve.h" line="7" />
</extent>
</supplier_module>
</module>
</structural_detail>
</CCCC_Project>
