<?xml version="1.0" encoding="utf-8"?>
<!--Detailed report on module IApplyLeave-->
<CCCC_Project>
<module_summary>
<lines_of_code value="28" level="0" />
<lines_of_code_per_member_function value="******" level="0" />
<McCabes_cyclomatic_complexity value="6" level="0" />
<McCabes_cyclomatic_complexity_per_member_function value="******" level="2" />
<lines_of_code value="1" level="0" />
<lines_of_code_per_member_function value="********" level="2" />
<lines_of_code_per_line_of_comment value="28.000" level="1" />
<McCabes_cyclomatic_complexity_per_line_of_comment value="6.000" level="1" />
<weighted_methods_per_class_unity value="4" level="0" />
<weighted_methods_per_class_visibility value="3" level="0" />
<depth_of_inheritance_tree value="0" level="0" />
<number_of_children value="0" level="0" />
<coupling_between_objects value="4" level="0" />
<IF4 value="9" level="0" />
<IF4_per_member_function value="********" level="2" />
<IF4_visible value="0" level="0" />
<IF4_visible_per_member_function value="********" level="0" />
<IF4_concrete value="0" level="0" />
<IF4_concrete_per_member_function value="********" level="0" />
</module_summary>
<module_detail>
<description>definition</description>
<source_reference file="IApplyLeave.h" line="8" />
<lines_of_code value="6" level="0" />
<McCabes_cyclomatic_complexity value="0" level="0" />
<lines_of_comment value="0" level="0" />
<lines_of_code_per_line_of_comment value="------" level="0" />
<McCabes_cyclomatic_complexity_per_line_of_comment value="------" level="0" />
</module_detail>
<procedural_detail>
<member_function>
<name>IApplyLeave(vector *,vector *)</name>
<extent>
<description>definition</description>
<source_reference file="IApplyLeave.h" line="11" />
</extent>
<lines_of_code value="4" level="0" />
<McCabes_cyclomatic_complexity value="0" level="0" />
<lines_of_comment value="0" level="0" />
<lines_of_code_per_line_of_comment value="------" level="0" />
<McCabes_cyclomatic_complexity_per_line_of_comment value="------" level="0" />
</member_function>
<member_function>
<name>Instantiate(vector *,vector *)</name>
<extent>
<description>definition</description>
<source_reference file="IApplyLeave.h" line="26" />
</extent>
<lines_of_code value="6" level="0" />
<McCabes_cyclomatic_complexity value="2" level="0" />
<lines_of_comment value="0" level="0" />
<lines_of_code_per_line_of_comment value="------" level="0" />
<McCabes_cyclomatic_complexity_per_line_of_comment value="------" level="0" />
</member_function>
<member_function>
<name>applyLeave(int,IApplication *,Leaves_Team *)</name>
<extent>
<description>definition</description>
<source_reference file="IApplyLeave.h" line="17" />
</extent>
<lines_of_code value="6" level="0" />
<McCabes_cyclomatic_complexity value="1" level="0" />
<lines_of_comment value="1" level="0" />
<lines_of_code_per_line_of_comment value="------" level="0" />
<McCabes_cyclomatic_complexity_per_line_of_comment value="------" level="0" />
</member_function>
<member_function>
<name>getInstance()</name>
<extent>
<description>definition</description>
<source_reference file="IApplyLeave.h" line="33" />
</extent>
<lines_of_code value="6" level="0" />
<McCabes_cyclomatic_complexity value="3" level="0" />
<lines_of_comment value="0" level="0" />
<lines_of_code_per_line_of_comment value="------" level="0" />
<McCabes_cyclomatic_complexity_per_line_of_comment value="------" level="0" />
</member_function>
</procedural_detail>
<structural_detail>
<module>
<name>IApplyLeave</name>
<client_module>
<name>Main</name>
<visible>false</visible>
<concrete>false</concrete>
<extent>
<description>has by reference</description>
<source_reference file="Main.h" line="16" />
</extent>
</client_module>
<supplier_module>
<name>IApplication</name>
<visible>true</visible>
<concrete>false</concrete>
<extent>
<description>pass by reference</description>
<source_reference file="IApplyLeave.h" line="17" />
</extent>
<name>Leaves_Team</name>
<visible>true</visible>
<concrete>false</concrete>
<extent>
<description>pass by reference</description>
<source_reference file="IApplyLeave.h" line="17" />
</extent>
<name>vector</name>
<visible>true</visible>
<concrete>false</concrete>
<extent>
<description>has by reference</description>
<source_reference file="IApplyLeave.h" line="10" />
</extent>
<extent>
<description>pass by reference</description>
<source_reference file="IApplyLeave.h" line="11" />
</extent>
<extent>
<description>pass by reference</description>
<source_reference file="IApplyLeave.h" line="11" />
</extent>
<extent>
<description>has by reference</description>
<source_reference file="IApplyLeave.h" line="16" />
</extent>
<extent>
<description>pass by reference</description>
<source_reference file="IApplyLeave.h" line="26" />
</extent>
<extent>
<description>pass by reference</description>
<source_reference file="IApplyLeave.h" line="26" />
</extent>
</supplier_module>
</module>
</structural_detail>
</CCCC_Project>
