<?xml version="1.0" encoding="utf-8"?>
<!--Detailed report on module Login-->
<CCCC_Project>
<module_summary>
<lines_of_code value="207" level="0" />
<lines_of_code_per_member_function value="******" level="0" />
<McCabes_cyclomatic_complexity value="37" level="0" />
<McCabes_cyclomatic_complexity_per_member_function value="******" level="2" />
<lines_of_code value="9" level="0" />
<lines_of_code_per_member_function value="********" level="2" />
<lines_of_code_per_line_of_comment value="23.000" level="1" />
<McCabes_cyclomatic_complexity_per_line_of_comment value="4.111" level="0" />
<weighted_methods_per_class_unity value="9" level="0" />
<weighted_methods_per_class_visibility value="9" level="0" />
<depth_of_inheritance_tree value="0" level="0" />
<number_of_children value="0" level="0" />
<coupling_between_objects value="2" level="0" />
<IF4 value="0" level="0" />
<IF4_per_member_function value="********" level="0" />
<IF4_visible value="0" level="0" />
<IF4_visible_per_member_function value="********" level="0" />
<IF4_concrete value="0" level="0" />
<IF4_concrete_per_member_function value="********" level="0" />
</module_summary>
<module_detail>
<description>definition</description>
<source_reference file="MainPortal.h" line="12" />
<lines_of_code value="5" level="0" />
<McCabes_cyclomatic_complexity value="0" level="0" />
<lines_of_comment value="0" level="0" />
<lines_of_code_per_line_of_comment value="------" level="0" />
<McCabes_cyclomatic_complexity_per_line_of_comment value="------" level="0" />
</module_detail>
<procedural_detail>
<member_function>
<name>Login(vector)</name>
<extent>
<description>definition</description>
<source_reference file="MainPortal.h" line="16" />
</extent>
<lines_of_code value="1" level="0" />
<McCabes_cyclomatic_complexity value="0" level="0" />
<lines_of_comment value="0" level="0" />
<lines_of_code_per_line_of_comment value="------" level="0" />
<McCabes_cyclomatic_complexity_per_line_of_comment value="------" level="0" />
</member_function>
<member_function>
<name>adminLogin()</name>
<extent>
<description>definition</description>
<source_reference file="MainPortal.h" line="164" />
</extent>
<lines_of_code value="41" level="1" />
<McCabes_cyclomatic_complexity value="6" level="0" />
<lines_of_comment value="2" level="0" />
<lines_of_code_per_line_of_comment value="20.500" level="1" />
<McCabes_cyclomatic_complexity_per_line_of_comment value="3.000" level="0" />
</member_function>
<member_function>
<name>employeeLogin()</name>
<extent>
<description>definition</description>
<source_reference file="MainPortal.h" line="144" />
</extent>
<lines_of_code value="18" level="0" />
<McCabes_cyclomatic_complexity value="2" level="0" />
<lines_of_comment value="0" level="0" />
<lines_of_code_per_line_of_comment value="------" level="0" />
<McCabes_cyclomatic_complexity_per_line_of_comment value="------" level="0" />
</member_function>
<member_function>
<name>getCredentials(int &amp;,string &amp;)</name>
<extent>
<description>definition</description>
<source_reference file="MainPortal.h" line="209" />
</extent>
<lines_of_code value="7" level="0" />
<McCabes_cyclomatic_complexity value="0" level="0" />
<lines_of_comment value="0" level="0" />
<lines_of_code_per_line_of_comment value="------" level="0" />
<McCabes_cyclomatic_complexity_per_line_of_comment value="------" level="0" />
</member_function>
<member_function>
<name>getType(int &amp;)</name>
<extent>
<description>definition</description>
<source_reference file="MainPortal.h" line="218" />
</extent>
<lines_of_code value="8" level="0" />
<McCabes_cyclomatic_complexity value="4" level="0" />
<lines_of_comment value="0" level="0" />
<lines_of_code_per_line_of_comment value="------" level="0" />
<McCabes_cyclomatic_complexity_per_line_of_comment value="------" level="0" />
</member_function>
<member_function>
<name>guardLogin()</name>
<extent>
<description>definition</description>
<source_reference file="MainPortal.h" line="62" />
</extent>
<lines_of_code value="17" level="0" />
<McCabes_cyclomatic_complexity value="2" level="0" />
<lines_of_comment value="0" level="0" />
<lines_of_code_per_line_of_comment value="------" level="0" />
<McCabes_cyclomatic_complexity_per_line_of_comment value="------" level="0" />
</member_function>
<member_function>
<name>open()</name>
<extent>
<description>definition</description>
<source_reference file="MainPortal.h" line="18" />
</extent>
<lines_of_code value="43" level="1" />
<McCabes_cyclomatic_complexity value="7" level="0" />
<lines_of_comment value="4" level="0" />
<lines_of_code_per_line_of_comment value="10.750" level="1" />
<McCabes_cyclomatic_complexity_per_line_of_comment value="1.750" level="0" />
</member_function>
<member_function>
<name>systemPortal()</name>
<extent>
<description>definition</description>
<source_reference file="MainPortal.h" line="79" />
</extent>
<lines_of_code value="59" level="1" />
<McCabes_cyclomatic_complexity value="10" level="0" />
<lines_of_comment value="1" level="0" />
<lines_of_code_per_line_of_comment value="59.000" level="2" />
<McCabes_cyclomatic_complexity_per_line_of_comment value="10.000" level="1" />
</member_function>
<member_function>
<name>verifyLogin(const string &amp;,int &amp;,string &amp;)</name>
<extent>
<description>definition</description>
<source_reference file="MainPortal.h" line="228" />
</extent>
<lines_of_code value="8" level="0" />
<McCabes_cyclomatic_complexity value="6" level="0" />
<lines_of_comment value="2" level="0" />
<lines_of_code_per_line_of_comment value="------" level="0" />
<McCabes_cyclomatic_complexity_per_line_of_comment value="3.000" level="0" />
</member_function>
</procedural_detail>
<structural_detail>
<module>
<name>Login</name>
<client_module>
</client_module>
<supplier_module>
<name>string</name>
<visible>true</visible>
<concrete>false</concrete>
<extent>
<description>pass by reference</description>
<source_reference file="MainPortal.h" line="209" />
</extent>
<extent>
<description>pass by reference</description>
<source_reference file="MainPortal.h" line="228" />
</extent>
<extent>
<description>pass by reference</description>
<source_reference file="MainPortal.h" line="228" />
</extent>
<name>vector</name>
<visible>true</visible>
<concrete>true</concrete>
<extent>
<description>has by value</description>
<source_reference file="MainPortal.h" line="14" />
</extent>
<extent>
<description>pass by value</description>
<source_reference file="MainPortal.h" line="16" />
</extent>
</supplier_module>
</module>
</structural_detail>
</CCCC_Project>
