<?xml version="1.0" encoding="utf-8"?>
<!--Detailed report on module Record-->
<CCCC_Project>
<module_summary>
<lines_of_code value="8" level="0" />
<lines_of_code_per_member_function value="******" level="0" />
<McCabes_cyclomatic_complexity value="0" level="0" />
<McCabes_cyclomatic_complexity_per_member_function value="******" level="0" />
<lines_of_code value="0" level="0" />
<lines_of_code_per_member_function value="********" level="0" />
<lines_of_code_per_line_of_comment value="------" level="0" />
<McCabes_cyclomatic_complexity_per_line_of_comment value="------" level="0" />
<weighted_methods_per_class_unity value="5" level="0" />
<weighted_methods_per_class_visibility value="5" level="0" />
<depth_of_inheritance_tree value="0" level="0" />
<number_of_children value="1" level="0" />
<coupling_between_objects value="10" level="0" />
<IF4 value="81" level="0" />
<IF4_per_member_function value="********" level="2" />
<IF4_visible value="81" level="1" />
<IF4_visible_per_member_function value="********" level="2" />
<IF4_concrete value="0" level="0" />
<IF4_concrete_per_member_function value="********" level="0" />
</module_summary>
<module_detail>
<description>definition</description>
<source_reference file="IRecord.h" line="5" />
<lines_of_code value="3" level="0" />
<McCabes_cyclomatic_complexity value="0" level="0" />
<lines_of_comment value="0" level="0" />
<lines_of_code_per_line_of_comment value="------" level="0" />
<McCabes_cyclomatic_complexity_per_line_of_comment value="------" level="0" />
</module_detail>
<procedural_detail>
<member_function>
<name>addRecord(T *)</name>
<extent>
<description>declaration</description>
<source_reference file="IRecord.h" line="7" />
</extent>
<lines_of_code value="1" level="0" />
<McCabes_cyclomatic_complexity value="0" level="0" />
<lines_of_comment value="0" level="0" />
<lines_of_code_per_line_of_comment value="------" level="0" />
<McCabes_cyclomatic_complexity_per_line_of_comment value="------" level="0" />
</member_function>
<member_function>
<name>generateSummary(int)</name>
<extent>
<description>declaration</description>
<source_reference file="IRecord.h" line="9" />
</extent>
<lines_of_code value="1" level="0" />
<McCabes_cyclomatic_complexity value="0" level="0" />
<lines_of_comment value="0" level="0" />
<lines_of_code_per_line_of_comment value="------" level="0" />
<McCabes_cyclomatic_complexity_per_line_of_comment value="------" level="0" />
</member_function>
<member_function>
<name>getAllRecords()</name>
<extent>
<description>declaration</description>
<source_reference file="IRecord.h" line="11" />
</extent>
<lines_of_code value="1" level="0" />
<McCabes_cyclomatic_complexity value="0" level="0" />
<lines_of_comment value="0" level="0" />
<lines_of_code_per_line_of_comment value="------" level="0" />
<McCabes_cyclomatic_complexity_per_line_of_comment value="------" level="0" />
</member_function>
<member_function>
<name>refresh()</name>
<extent>
<description>declaration</description>
<source_reference file="IRecord.h" line="10" />
</extent>
<lines_of_code value="1" level="0" />
<McCabes_cyclomatic_complexity value="0" level="0" />
<lines_of_comment value="0" level="0" />
<lines_of_code_per_line_of_comment value="------" level="0" />
<McCabes_cyclomatic_complexity_per_line_of_comment value="------" level="0" />
</member_function>
<member_function>
<name>viewRecords()</name>
<extent>
<description>declaration</description>
<source_reference file="IRecord.h" line="8" />
</extent>
<lines_of_code value="1" level="0" />
<McCabes_cyclomatic_complexity value="0" level="0" />
<lines_of_comment value="0" level="0" />
<lines_of_code_per_line_of_comment value="------" level="0" />
<McCabes_cyclomatic_complexity_per_line_of_comment value="------" level="0" />
</member_function>
</procedural_detail>
<structural_detail>
<module>
<name>Record</name>
<client_module>
<name>Admin</name>
<visible>true</visible>
<concrete>false</concrete>
<extent>
<description>pass by reference</description>
<source_reference file="Admin.h" line="66" />
</extent>
<name>AdminObserverManager</name>
<visible>true</visible>
<concrete>false</concrete>
<extent>
<description>pass by reference</description>
<source_reference file="Admin.h" line="20" />
</extent>
<name>AwardHoursAction</name>
<visible>true</visible>
<concrete>false</concrete>
<extent>
<description>pass by reference</description>
<source_reference file="AwardHoursAction.h" line="9" />
</extent>
<name>Employee</name>
<visible>true</visible>
<concrete>false</concrete>
<extent>
<description>has by reference</description>
<source_reference file="Employee.h" line="6" />
</extent>
<extent>
<description>has by reference</description>
<source_reference file="Employee.h" line="7" />
</extent>
<extent>
<description>pass by reference</description>
<source_reference file="Employee.h" line="21" />
</extent>
<extent>
<description>pass by reference</description>
<source_reference file="Employee.h" line="21" />
</extent>
<name>IApplicationObservable</name>
<visible>true</visible>
<concrete>false</concrete>
<extent>
<description>pass by reference</description>
<source_reference file="IApplicationObserve.h" line="11" />
</extent>
<name>IApplicationObserver</name>
<visible>true</visible>
<concrete>false</concrete>
<extent>
<description>pass by reference</description>
<source_reference file="IApplicationObserve.h" line="7" />
</extent>
<name>Leave</name>
<visible>true</visible>
<concrete>true</concrete>
<extent>
<description>inheritance</description>
<source_reference file="LeavesRecord.h" line="10" />
</extent>
<name>Official</name>
<visible>true</visible>
<concrete>false</concrete>
<extent>
<description>pass by reference</description>
<source_reference file="OfficialTeam.h" line="26" />
</extent>
<extent>
<description>pass by reference</description>
<source_reference file="OfficialTeam.h" line="31" />
</extent>
<name>Unpaid</name>
<visible>true</visible>
<concrete>false</concrete>
<extent>
<description>pass by reference</description>
<source_reference file="UnpaidTeam.h" line="31" />
</extent>
</client_module>
<supplier_module>
<name>T</name>
<visible>true</visible>
<concrete>false</concrete>
<extent>
<description>pass by reference</description>
<source_reference file="IRecord.h" line="7" />
</extent>
</supplier_module>
</module>
</structural_detail>
</CCCC_Project>
