<?xml version="1.0" encoding="utf-8"?>
<!--Detailed report on module Status-->
<CCCC_Project>
<module_summary>
<lines_of_code value="55" level="0" />
<lines_of_code_per_member_function value="******" level="0" />
<McCabes_cyclomatic_complexity value="9" level="0" />
<McCabes_cyclomatic_complexity_per_member_function value="******" level="2" />
<lines_of_code value="8" level="0" />
<lines_of_code_per_member_function value="********" level="2" />
<lines_of_code_per_line_of_comment value="6.875" level="0" />
<McCabes_cyclomatic_complexity_per_line_of_comment value="1.125" level="0" />
<weighted_methods_per_class_unity value="5" level="0" />
<weighted_methods_per_class_visibility value="5" level="0" />
<depth_of_inheritance_tree value="0" level="0" />
<number_of_children value="3" level="0" />
<coupling_between_objects value="6" level="0" />
<IF4 value="64" level="0" />
<IF4_per_member_function value="********" level="2" />
<IF4_visible value="36" level="1" />
<IF4_visible_per_member_function value="********" level="2" />
<IF4_concrete value="16" level="0" />
<IF4_concrete_per_member_function value="********" level="2" />
</module_summary>
<module_detail>
<description>definition</description>
<source_reference file="ApplicationTypes.h" line="9" />
<lines_of_code value="6" level="0" />
<McCabes_cyclomatic_complexity value="0" level="0" />
<lines_of_comment value="0" level="0" />
<lines_of_code_per_line_of_comment value="------" level="0" />
<McCabes_cyclomatic_complexity_per_line_of_comment value="------" level="0" />
<description>declaration</description>
<source_reference file="Report.h" line="15" />
<lines_of_code value="1" level="0" />
<McCabes_cyclomatic_complexity value="0" level="0" />
<lines_of_comment value="0" level="0" />
<lines_of_code_per_line_of_comment value="------" level="0" />
<McCabes_cyclomatic_complexity_per_line_of_comment value="------" level="0" />
</module_detail>
<procedural_detail>
<member_function>
<name>Status()</name>
<extent>
<description>definition</description>
<source_reference file="ApplicationTypes.h" line="13" />
</extent>
<lines_of_code value="1" level="0" />
<McCabes_cyclomatic_complexity value="0" level="0" />
<lines_of_comment value="0" level="0" />
<lines_of_code_per_line_of_comment value="------" level="0" />
<McCabes_cyclomatic_complexity_per_line_of_comment value="------" level="0" />
</member_function>
<member_function>
<name>Status(string,int)</name>
<extent>
<description>definition</description>
<source_reference file="ApplicationTypes.h" line="14" />
</extent>
<lines_of_code value="3" level="0" />
<McCabes_cyclomatic_complexity value="0" level="0" />
<lines_of_comment value="0" level="0" />
<lines_of_code_per_line_of_comment value="------" level="0" />
<McCabes_cyclomatic_complexity_per_line_of_comment value="------" level="0" />
</member_function>
<member_function>
<name>getState()</name>
<extent>
<description>definition</description>
<source_reference file="ApplicationTypes.h" line="21" />
</extent>
<lines_of_code value="3" level="0" />
<McCabes_cyclomatic_complexity value="1" level="0" />
<lines_of_comment value="0" level="0" />
<lines_of_code_per_line_of_comment value="------" level="0" />
<McCabes_cyclomatic_complexity_per_line_of_comment value="------" level="0" />
</member_function>
<member_function>
<name>setState(string,IApplication *)</name>
<extent>
<description>definition</description>
<source_reference file="ApplicationTypes.h" line="17" />
</extent>
<lines_of_code value="3" level="0" />
<McCabes_cyclomatic_complexity value="0" level="0" />
<lines_of_comment value="0" level="0" />
<lines_of_code_per_line_of_comment value="------" level="0" />
<McCabes_cyclomatic_complexity_per_line_of_comment value="------" level="0" />
</member_function>
<member_function>
<name>updateLeaveStatus(IApplication *)</name>
<extent>
<description>definition</description>
<source_reference file="ApplicationTypes.h" line="24" />
</extent>
<lines_of_code value="38" level="1" />
<McCabes_cyclomatic_complexity value="8" level="0" />
<lines_of_comment value="8" level="0" />
<lines_of_code_per_line_of_comment value="4.750" level="0" />
<McCabes_cyclomatic_complexity_per_line_of_comment value="1.000" level="0" />
</member_function>
</procedural_detail>
<structural_detail>
<module>
<name>Status</name>
<client_module>
<name>Approved</name>
<visible>true</visible>
<concrete>true</concrete>
<extent>
<description>inheritance</description>
<source_reference file="ApplicationTypes.h" line="83" />
</extent>
<name>DefaultLeaveApplication</name>
<visible>false</visible>
<concrete>true</concrete>
<extent>
<description>has by value</description>
<source_reference file="ApplicationTypes.h" line="102" />
</extent>
<name>Pending</name>
<visible>true</visible>
<concrete>true</concrete>
<extent>
<description>inheritance</description>
<source_reference file="ApplicationTypes.h" line="87" />
</extent>
<name>Rejected</name>
<visible>true</visible>
<concrete>true</concrete>
<extent>
<description>inheritance</description>
<source_reference file="ApplicationTypes.h" line="91" />
</extent>
</client_module>
<supplier_module>
<name>IApplication</name>
<visible>true</visible>
<concrete>false</concrete>
<extent>
<description>pass by reference</description>
<source_reference file="ApplicationTypes.h" line="17" />
</extent>
<extent>
<description>pass by reference</description>
<source_reference file="ApplicationTypes.h" line="24" />
</extent>
<name>string</name>
<visible>true</visible>
<concrete>true</concrete>
<extent>
<description>has by value</description>
<source_reference file="ApplicationTypes.h" line="11" />
</extent>
<extent>
<description>pass by value</description>
<source_reference file="ApplicationTypes.h" line="14" />
</extent>
<extent>
<description>pass by value</description>
<source_reference file="ApplicationTypes.h" line="17" />
</extent>
</supplier_module>
</module>
</structural_detail>
</CCCC_Project>
