<?xml version="1.0" encoding="utf-8"?>
<!--Detailed report on module UnpaidLeaveApp-->
<CCCC_Project>
<module_summary>
<lines_of_code value="12" level="0" />
<lines_of_code_per_member_function value="******" level="0" />
<McCabes_cyclomatic_complexity value="0" level="0" />
<McCabes_cyclomatic_complexity_per_member_function value="******" level="0" />
<lines_of_code value="3" level="0" />
<lines_of_code_per_member_function value="********" level="2" />
<lines_of_code_per_line_of_comment value="------" level="0" />
<McCabes_cyclomatic_complexity_per_line_of_comment value="------" level="0" />
<weighted_methods_per_class_unity value="1" level="0" />
<weighted_methods_per_class_visibility value="1" level="0" />
<depth_of_inheritance_tree value="2" level="0" />
<number_of_children value="0" level="0" />
<coupling_between_objects value="2" level="0" />
<IF4 value="0" level="0" />
<IF4_per_member_function value="********" level="0" />
<IF4_visible value="0" level="0" />
<IF4_visible_per_member_function value="********" level="0" />
<IF4_concrete value="0" level="0" />
<IF4_concrete_per_member_function value="********" level="0" />
</module_summary>
<module_detail>
<description>definition</description>
<source_reference file="UnpaidLeaveApp.h" line="5" />
<lines_of_code value="8" level="0" />
<McCabes_cyclomatic_complexity value="0" level="0" />
<lines_of_comment value="2" level="0" />
<lines_of_code_per_line_of_comment value="------" level="0" />
<McCabes_cyclomatic_complexity_per_line_of_comment value="------" level="0" />
</module_detail>
<procedural_detail>
<member_function>
<name>UnpaidLeaveApp(int,int,string,string,string,string,string,string,string,string)</name>
<extent>
<description>definition</description>
<source_reference file="UnpaidLeaveApp.h" line="11" />
</extent>
<lines_of_code value="4" level="0" />
<McCabes_cyclomatic_complexity value="0" level="0" />
<lines_of_comment value="1" level="0" />
<lines_of_code_per_line_of_comment value="------" level="0" />
<McCabes_cyclomatic_complexity_per_line_of_comment value="------" level="0" />
</member_function>
</procedural_detail>
<structural_detail>
<module>
<name>UnpaidLeaveApp</name>
<client_module>
</client_module>
<supplier_module>
<name>DefaultLeaveApplication</name>
<visible>true</visible>
<concrete>true</concrete>
<extent>
<description>inheritance</description>
<source_reference file="UnpaidLeaveApp.h" line="5" />
</extent>
<name>string</name>
<visible>true</visible>
<concrete>true</concrete>
<extent>
<description>has by value</description>
<source_reference file="UnpaidLeaveApp.h" line="7" />
</extent>
<extent>
<description>pass by value</description>
<source_reference file="UnpaidLeaveApp.h" line="11" />
</extent>
<extent>
<description>pass by value</description>
<source_reference file="UnpaidLeaveApp.h" line="11" />
</extent>
<extent>
<description>pass by value</description>
<source_reference file="UnpaidLeaveApp.h" line="11" />
</extent>
<extent>
<description>pass by value</description>
<source_reference file="UnpaidLeaveApp.h" line="11" />
</extent>
<extent>
<description>pass by value</description>
<source_reference file="UnpaidLeaveApp.h" line="11" />
</extent>
<extent>
<description>pass by value</description>
<source_reference file="UnpaidLeaveApp.h" line="11" />
</extent>
<extent>
<description>pass by value</description>
<source_reference file="UnpaidLeaveApp.h" line="12" />
</extent>
<extent>
<description>pass by value</description>
<source_reference file="UnpaidLeaveApp.h" line="12" />
</extent>
</supplier_module>
</module>
</structural_detail>
</CCCC_Project>
